{"cameraMode":{"drawMode":0,"name":"Shaded","section":"Shading Mode"},"sceneLighting":false,"audioPlay":false,"sceneViewState":{"m_AlwaysRefresh":false,"showFog":true,"showSkybox":false,"showFlares":true,"showImageEffects":true,"showParticleSystems":true,"showVisualEffectGraphs":true,"m_FxEnabled":false},"in2DMode":false,"pivot":{"x":0.87839674949646,"y":0.7247931957244873,"z":0.06361224502325058},"rotation":{"x":0.23497922718524934,"y":-0.6462796330451965,"z":0.2194230556488037,"w":0.6920778155326843},"size":0.49983203411102297,"orthographic":false}