{"cameraMode":{"drawMode":0,"name":"Shaded","section":"Shading Mode"},"sceneLighting":false,"audioPlay":false,"sceneViewState":{"m_AlwaysRefresh":false,"showFog":true,"showSkybox":false,"showFlares":true,"showImageEffects":true,"showParticleSystems":true,"showVisualEffectGraphs":true,"m_FxEnabled":false},"in2DMode":false,"pivot":{"x":0.07225523144006729,"y":0.8465255498886108,"z":-0.25409671664237978},"rotation":{"x":-0.365156352519989,"y":-0.006425060797482729,"z":0.0025212636683136226,"w":-0.9309203624725342},"size":0.829156219959259,"orthographic":false}