{"cameraMode":{"drawMode":0,"name":"Shaded","section":"Shading Mode"},"sceneLighting":false,"audioPlay":false,"sceneViewState":{"m_AlwaysRefresh":false,"showFog":true,"showSkybox":false,"showFlares":true,"showImageEffects":true,"showParticleSystems":true,"showVisualEffectGraphs":true,"m_FxEnabled":false},"in2DMode":false,"pivot":{"x":0.8218364715576172,"y":0.20871645212173463,"z":-2.178769826889038},"rotation":{"x":-0.016592027619481088,"y":0.1603793352842331,"z":-0.002695350907742977,"w":-0.9869126081466675},"size":0.8250218033790588,"orthographic":false}